{
	"credit": "Made with Blockbench",
	"textures": {
		"1": "item/chocolate"
	},
	"elements": [
		{
			"from": [3, 0, 8],
			"to": [11, 16, 9],
			"faces": {
				"north": {"uv": [4.125, 8.875, 4.375, 9.125], "texture": "#1"},
				"east": {"uv": [7.875, 8.75, 8.75, 9.375], "texture": "#1"},
				"south": {"uv": [0.25, 4.75, 15.875, 11.25], "rotation": 90, "texture": "#1"},
				"west": {"uv": [8.25, 8.75, 8.75, 9.625], "texture": "#1"},
				"up": {"uv": [8.125, 8.75, 8.875, 9.375], "texture": "#1"},
				"down": {"uv": [7.625, 8.75, 9.375, 9.125], "texture": "#1"}
			}
		}
	],
	"display": {
		"thirdperson_righthand": {
			"rotation": [-180, 0, 0],
			"translation": [0.5, 2.25, 0],
			"scale": [0.4, 0.4, 0.4]
		},
		"thirdperson_lefthand": {
			"translation": [-0.5, 1.75, 0],
			"scale": [0.4, 0.4, 0.4]
		},
		"ground": {
			"translation": [0, 2, 0]
		},
		"gui": {
			"translation": [0.75, 0, 0],
			"scale": [0.8, 0.8, 0.8]
		},
		"head": {
			"translation": [0, -2.5, 0]
		},
		"fixed": {
			"rotation": [0, -180, 0],
			"translation": [-0.25, 0, 0]
		}
	},
	"groups": [
		{
			"name": "group",
			"origin": [8, 8, 8],
			"color": 0,
			"children": [0]
		}
	]
}