{
	"credit": "Made with Blockbench",
	"textures": {
		"0": "item/Very expensive chocolate",
		"particle": "item/Very expensive chocolate"
	},
	"elements": [
		{
			"from": [3, 0, 7],
			"to": [13, 10, 8],
			"faces": {
				"north": {"uv": [0.875, 0.75, 15, 14.875], "texture": "#0"},
				"east": {"uv": [10.875, 15.75, 9, 15.5], "texture": "#0"},
				"south": {"uv": [13.875, 15.375, 14.75, 15.625], "texture": "#0"},
				"west": {"uv": [0, 0, 0, 9.875], "texture": "#0"},
				"up": {"uv": [0, 0, 9.75, 0.25], "texture": "#0"},
				"down": {"uv": [0, 0, 9.5, 0.5], "texture": "#0"}
			}
		}
	],
	"display": {
		"thirdperson_righthand": {
			"rotation": [0, -180, 0],
			"translation": [0, 3, 0],
			"scale": [0.5, 0.5, 0.5]
		},
		"thirdperson_lefthand": {
			"rotation": [0, -180, 0],
			"translation": [0, 3, 0],
			"scale": [0.5, 0.5, 0.5]
		},
		"firstperson_righthand": {
			"rotation": [0, -180, 0],
			"translation": [-0.5, 3.5, 0]
		},
		"firstperson_lefthand": {
			"rotation": [0, -180, 0],
			"translation": [-0.25, 3.5, 0]
		},
		"ground": {
			"translation": [0, 2.5, 0]
		},
		"gui": {
			"rotation": [0, -180, 0],
			"translation": [0, 2.75, 0]
		},
		"fixed": {
			"translation": [0, 3, 0]
		}
	}
}