{
	"credit": "Made with Blockbench",
	"textures": {
		"0": "item/High chocolate",
		"particle": "item/High chocolate"
	},
	"elements": [
		{
			"from": [3, 0, 8],
			"to": [13, 10, 9],
			"faces": {
				"north": {"uv": [0.5, 2.875, 15.75, 14.375], "texture": "#0"},
				"east": {"uv": [3, 0.625, 13, 1.375], "rotation": 90, "texture": "#0"},
				"south": {"uv": [2.375, 0.625, 10.25, 2], "texture": "#0"},
				"west": {"uv": [2.875, 0.625, 10.875, 1.875], "texture": "#0"},
				"up": {"uv": [0, 0, 10, 1], "texture": "#0"},
				"down": {"uv": [0, 0, 10, 1], "texture": "#0"}
			}
		}
	],
	"display": {
		"thirdperson_righthand": {
			"rotation": [170, 0, 0],
			"scale": [0.5, 0.5, 0.5]
		},
		"thirdperson_lefthand": {
			"rotation": [170, 0, 0],
			"scale": [0.5, 0.5, 0.5]
		},
		"firstperson_righthand": {
			"rotation": [0, -180, 0],
			"translation": [0.5, 3.5, 0]
		},
		"firstperson_lefthand": {
			"rotation": [0, -180, 0],
			"translation": [0.5, 3.5, 0]
		},
		"ground": {
			"translation": [0, 2, 0]
		},
		"gui": {
			"rotation": [0, -180, 0],
			"translation": [0, 2.25, 0]
		},
		"fixed": {
			"translation": [0, 3, -1]
		}
	}
}